variable,count,mean,std,min,25%,50%,75%,max,original
dummy1,1000.0,-0.0005978637004290439,0.011371745181299272,-0.0364309638647739,-0.0085724017058841,-0.0007236629517208,0.007024576216141775,0.035796363940129,-0.013961861298025
dummy2,1000.0,2.380917478671163e-05,0.011421015892759573,-0.0338490332982939,-0.008289373801213501,-1.5213761243693114e-05,0.007712181851161325,0.0412502882352665,-0.0069234802727642
x1,1000.0,0.12906323170546358,3.1458576025197837,-9.441362572929105,-1.8830984944940816,0.2244917270559965,2.0338874909400024,28.205655888851982,28.205655888851982
x2,1000.0,-0.17979043378528894,7.9269451213985365,-23.78089183136558,-5.16019523100539,-0.4027669844853104,5.104778812927599,75.05173714802088,75.05173714802088
x3,1000.0,-0.026856025336149513,1.8548583365519045,-5.924035614872999,-1.229099722212121,-0.0401697181759743,1.1718747828397067,17.753761683157446,17.753761683157446
